{"materials":[{"id":866,"path":"Resources/unity_builtin_extra\\Default-Skybox","assetBundleId":-2,"data":["Default-Skybox",0,154,1000,0,[["_SunDisk",1],["_SunSize",0.0399999991059303],["_SunSizeConvergence",5],["_AtmosphereThickness",1],["_Exposure",1.29999995231628]],[["_SkyTint",0.5,0.5,0.5,1],["_GroundColor",0.368999987840652,0.349000006914139,0.340999990701675,1]],[],[],[["_SUNDISK_SIMPLE",1]]]}],"shaders":[{"id":154,"assetBundleId":-2,"data":[[],"Skybox/Procedural",null,["_SUNDISK_HIGH_QUALITY","_SUNDISK_NONE","_SUNDISK_SIMPLE","STEREO_CUBEMAP_RENDER_ON","STEREO_INSTANCING_ON","STEREO_MULTIVIEW_ON","UNITY_SINGLE_PASS_STEREO"],[[0,0,"",0,"",0,[4,null],[0,null],[0,null],[[1,null],[0,null],[0,null]],[[1,null],[0,null],[0,null]],[15,null],[0,null],[0,null],[0,null],[255,null],[255,null],[[0,null],[0,null],[0,null],[8,null]],[[0,null],[0,null],[0,null],[8,null]],[[0,null],[0,null],[0,null],[8,null]],[["PreviewType","Skybox"],["QUEUE","Background"],["RenderType","Background"]],["STEREO_CUBEMAP_RENDER_ON","STEREO_INSTANCING_ON","STEREO_MULTIVIEW_ON","UNITY_SINGLE_PASS_STEREO","_SUNDISK_HIGH_QUALITY","_SUNDISK_NONE","_SUNDISK_SIMPLE"],[],[[0,0,["_SUNDISK_SIMPLE"],0,1,0,0],[0,0,["_SUNDISK_SIMPLE"],2,3,1,0]],[],0]],[],[["_SunDisk",2,2,0,0,0,"",0],["_SunSize",3,0.0399999991059303,0,1,0,"",0],["_SunSizeConvergence",3,5,1,10,0,"",0],["_AtmosphereThickness",3,1,0,5,0,"",0],["_SkyTint",0,0.5,0.5,0.5,1,"",0],["_GroundColor",0,0.368999987840652,0.349000006914139,0.340999990701675,1,"",0],["_Exposure",3,1.29999995231628,0,8,0,"",0]],null,null,0,0,0]},{"id":28,"assetBundleId":-2,"data":[[],"UI/Default",null,["UNITY_UI_ALPHACLIP","UNITY_UI_CLIP_RECT","STEREO_CUBEMAP_RENDER_ON","STEREO_INSTANCING_ON","STEREO_MULTIVIEW_ON","UNITY_SINGLE_PASS_STEREO","_"],[[0,0,"Default",0,"",0,[0,"unity_GUIZTestMode"],[0,null],[0,null],[[1,null],[10,null],[0,null]],[[1,null],[10,null],[0,null]],[0,"_ColorMask"],[0,null],[0,null],[0,"_Stencil"],[0,"_StencilReadMask"],[0,"_StencilWriteMask"],[[0,"_StencilOp"],[0,null],[0,null],[0,"_StencilComp"]],[[0,null],[0,null],[0,null],[8,null]],[[0,null],[0,null],[0,null],[8,null]],[["CanUseSpriteAtlas","true"],["IGNOREPROJECTOR","true"],["PreviewType","Plane"],["QUEUE","Transparent"],["RenderType","Transparent"]],["STEREO_CUBEMAP_RENDER_ON","STEREO_INSTANCING_ON","STEREO_MULTIVIEW_ON","UNITY_SINGLE_PASS_STEREO","UNITY_UI_ALPHACLIP","UNITY_UI_CLIP_RECT","_"],[],[[0,0,[],4,5,0,0],[0,0,[],6,7,1,0]],[],0]],[],[["_MainTex",4,0,0,0,0,"white",2],["_Color",0,1,1,1,1,"",0],["_StencilComp",2,8,0,0,0,"",0],["_Stencil",2,0,0,0,0,"",0],["_StencilOp",2,0,0,0,0,"",0],["_StencilWriteMask",2,255,0,0,0,"",0],["_StencilReadMask",2,255,0,0,0,"",0],["_ColorMask",2,15,0,0,0,"",0],["_UseUIAlphaClip",2,0,0,0,0,"",0]],null,null,0,0,0]},{"id":48,"assetBundleId":-2,"data":[[],"Hidden/BlitCopy",null,["STEREO_CUBEMAP_RENDER_ON","STEREO_INSTANCING_ON","STEREO_MULTIVIEW_ON","UNITY_SINGLE_PASS_STEREO"],[[0,0,"",0,"",0,[8,null],[0,null],[0,null],[[1,null],[0,null],[0,null]],[[1,null],[0,null],[0,null]],[15,null],[0,null],[0,null],[0,null],[255,null],[255,null],[[0,null],[0,null],[0,null],[8,null]],[[0,null],[0,null],[0,null],[8,null]],[[0,null],[0,null],[0,null],[8,null]],[],["STEREO_CUBEMAP_RENDER_ON","STEREO_INSTANCING_ON","STEREO_MULTIVIEW_ON","UNITY_SINGLE_PASS_STEREO"],[],[],[],0]],[],[["_MainTex",4,0,0,0,0,"",0],["_Color",0,1,1,1,1,"",0]],null,null,0,0,0]}],"sprites":[{"id":904,"path":"Resources/unity_builtin_extra\\UIMask","assetBundleId":-2,"data":["UIMask",8,902,[0,0,0,0.07,0.07,0],[0.055,0.07,0,0.84375,0.9375,0.07,-0.06,0,0.9375,0.125,0.07,0.055,0,0.9375,0.84375,0.055,-0.07,0,0.84375,0.0625,-0.065,-0.07,0,0.09375,0.0625,-0.07,0.07,0,0.0625,0.9375,-0.07,-0.06,0,0.0625,0.125],[6,5,4,0,4,5,3,4,0,1,3,0,2,1,0],-0.000835970044136047,-0.000835970044136047,0.999164044857025,0.999164044857025,0.0625,0.0625,0.9375,0.9375,0.3125,0.3125,0.3125,0.3125,[0,0,0,0],[-0.08,-0.08,0.08,0.08],200,32,32,32,32,16,16,2.02675104141235,2.02675104141235]}],"textures":[{"id":902,"type":0,"path":"Resources/unity_builtin_extra\\UIMask","assetBundleId":-2,"data":["UIMask",32,32,6,16,1,0,4,1,1,1,8,0,0,1,1]}],"cubemaps":[{"id":-76592,"type":2,"path":"Assets/@Scenes/SampleScene.unity/PrefilteredEnvironment.exr","assetBundleId":-2,"data":["",-316600,8,0,128,0,2,[0,0,0.25,0.5,0,0.5,0.25,1,0.25,0,0.5,0.5,0.25,0.5,0.5,1,0.5,0,0.75,0.5,0.75,0,1,0.5,0.5,0.5,0.625,0.75,0.5,0.75,0.625,1,0.625,0.5,0.75,0.75,0.625,0.75,0.75,1,0.75,0.5,0.875,0.75,0.875,0.5,1,0.75,0.75,0.75,0.8125,0.875,0.75,0.875,0.8125,1,0.8125,0.75,0.875,0.875,0.8125,0.875,0.875,1,0.875,0.75,0.9375,0.875,0.9375,0.75,1,0.875,0.875,0.875,0.90625,0.9375,0.875,0.9375,0.90625,1,0.90625,0.875,0.9375,0.9375,0.90625,0.9375,0.9375,1,0.9375,0.875,0.96875,0.9375,0.96875,0.875,1,0.9375,0.9375,0.9375,0.953125,0.96875,0.9375,0.96875,0.953125,1,0.953125,0.9375,0.96875,0.96875,0.953125,0.96875,0.96875,1,0.96875,0.9375,0.984375,0.96875,0.984375,0.9375,1,0.96875,0.96875,0.96875,0.9765625,0.984375,0.96875,0.984375,0.9765625,1,0.9765625,0.96875,0.984375,0.984375,0.9765625,0.984375,0.984375,1,0.984375,0.96875,0.9921875,0.984375,0.9921875,0.96875,1,0.984375,0.984375,0.984375,0.98828125,0.9921875,0.984375,0.9921875,0.98828125,1,0.98828125,0.984375,0.9921875,0.9921875,0.98828125,0.9921875,0.9921875,1,0.9921875,0.984375,0.99609375,0.9921875,0.99609375,0.984375,1,0.9921875,0.9921875,0.9921875,0.994140625,0.99609375,0.9921875,0.99609375,0.994140625,1,0.994140625,0.9921875,0.99609375,0.99609375,0.994140625,0.99609375,0.99609375,1,0.99609375,0.9921875,0.998046875,0.99609375,0.998046875,0.9921875,1,0.99609375],1,1]}],"resources":[{"id":0,"assetBundleId":-2,"data":[[["unity_builtin_extra",0,154],["unity_builtin_extra",5,866],["unity_builtin_extra",0,28],["dotweensettings",81,26886],["debuguicanvas",29,28258],["unity_builtin_extra",8,902],["unity_builtin_extra",25,904],["debuguipersistentcanvas",29,28260],["fonts & materials/liberationsans sdf",5,26898],["fonts & materials/liberationsans sdf",8,26900],["fonts & materials/liberationsans sdf - drop shadow",5,26788],["fonts & materials/liberationsans sdf - fallback",5,26816],["fonts & materials/liberationsans sdf - fallback",8,26818],["fonts & materials/liberationsans sdf - outline",5,26832],["linebreaking following characters",82,28014],["linebreaking leading characters",82,28012]],[27844,27856,27896,27856,27898,27856,27900,27856,65418,65004,27860,27864,27920,27864,27922,27864,27924,27864,65118,65004,27824,27846,27914,27846,27916,27846,27918,27846,64746,65004,27818,27820,27876,27820,27878,27820,27880,27820,65090,65004,27834,27832,27884,27832,27886,27832,27888,27832,65098,65004,27850,27852,27890,27852,27892,27852,27894,27852,65046,65004,64850,65004,65450,65004,27838,27840,27902,27840,27904,27840,27906,27840,65498,65004,65316,65004,64712,65004,64848,65004,27826,27828,27908,27828,27910,27828,27912,27828,65502,65004,65400,65004,64798,65004,65382,65004,65458,65004,65574,65004,65086,65004,65102,65004,64900,65004,64908,65004,65454,65004,65508,65004,65528,65004,65344,65004,64716,65004,65042,65004,65094,65004,64812,65004,65238,65004,64904,65004,65352,65004,65120,65004,65506,65004,65348,65004,64926,65004,65480,65004,65038,65004,65476,65004,64854,65004,64772,65004,65510,65004,65546,65004,42386,41730,43116,41730,41948,41730,43838,41730,41936,41730,42390,41730,43120,41730,43846,41730,42388,41730,41732,41730,41676,41730,41940,41730,42370,41730,41734,41730,42382,41730,43100,41730,41942,41730,43826,41730,42376,41730,43096,41730,41944,41730,43828,41730,43076,41730,43084,41730,42396,41730,43106,41730,41952,41730,43852,41730,41736,41730,42368,41730,42362,41730,41678,41740,41742,41740,41744,41740,42400,41740,42404,41740,41680,41748,41964,41748,42416,41748,41752,41748,43130,41748,42412,41748,41750,41748,42408,41748,42410,41748,41682,41756,41760,41756,43154,41756,41968,41756,43148,41756,43140,41756,43160,41756,41974,41756,41976,41756,41978,41756,41980,41756,41982,41756,41758,41756,42420,41756,42422,41756,41684,41764,41768,41764,43166,41764,41984,41764,43186,41764,43174,41764,43180,41764,41990,41764,41992,41764,41994,41764,41996,41764,41998,41764,41766,41764,42436,41764,42438,41764,41686,41772,41776,41772,43206,41772,42000,41772,43200,41772,43194,41772,43212,41772,42006,41772,42008,41772,42010,41772,42012,41772,42014,41772,41774,41772,42452,41772,42454,41772,41688,41780,41784,41780,42472,41780,42016,41780,42470,41780,42020,41780,42022,41780,42024,41780,41782,41780,42468,41780,42474,41780,41690,41788,41790,41788,42030,41788,42034,41788,42484,41788,41796,41794,42050,41794,42052,41794,42054,41794,41692,41794,41798,41794,42498,41794,42496,41794,41804,41802,42076,41802,42078,41802,42080,41802,42082,41802,41694,41802,42066,41802,42530,41802,42532,41802,41806,41802,43258,41802,43260,41802,42068,41802,42538,41802,42540,41802,43246,41802,43248,41802,42070,41802,42546,41802,42548,41802,43254,41802,43256,41802,42072,41802,42556,41802,42558,41802,43250,41802,43252,41802,42516,41802,42514,41802,42518,41802,42520,41802,42522,41802,42524,41802,42526,41802,41812,41810,42094,41810,42096,41810,42098,41810,41696,41810,42102,41810,42578,41810,42580,41810,41814,41810,43292,41810,43294,41810,42104,41810,42590,41810,42592,41810,43288,41810,43290,41810,42570,41810,42568,41810,42572,41810,42574,41810,41820,41818,42116,41818,42118,41818,42120,41818,41698,41818,42124,41818,42620,41818,42622,41818,41822,41818,43314,41818,43316,41818,42126,41818,42626,41818,42628,41818,43322,41818,43324,41818,42128,41818,42632,41818,42634,41818,43318,41818,43320,41818,42604,41818,42594,41818,42606,41818,42608,41818,42610,41818,41828,41826,42150,41826,42152,41826,42154,41826,41700,41826,42140,41826,42658,41826,42660,41826,41830,41826,43352,41826,43354,41826,42142,41826,42670,41826,42672,41826,43348,41826,43350,41826,42144,41826,42678,41826,42680,41826,43360,41826,43362,41826,42146,41826,42664,41826,42666,41826,43356,41826,43358,41826,42646,41826,42636,41826,42648,41826,42650,41826,42652,41826,42654,41826,41702,41834,41704,41838,41844,41842,42182,41842,41706,41842,41846,41842,42694,41842,41852,41850,42254,41850,42256,41850,42258,41850,41708,41850,42188,41850,43500,41850,44026,41850,42768,41850,44014,41850,43488,41850,42766,41850,41854,41850,43484,41850,43486,41850,42190,41850,43554,41850,44106,41850,42828,41850,44100,41850,43560,41850,42826,41850,43556,41850,43558,41850,42192,41850,43544,41850,43928,41850,42822,41850,43936,41850,43738,41850,42820,41850,43734,41850,43736,41850,42194,41850,43534,41850,44058,41850,42952,41850,44156,41850,43482,41850,42950,41850,43478,41850,43480,41850,42196,41850,43612,41850,44200,41850,42792,41850,43992,41850,43412,41850,42790,41850,43408,41850,43410,41850,42198,41850,43510,41850,44124,41850,42702,41850,44052,41850,43618,41850,42700,41850,43614,41850,43616,41850,42200,41850,43638,41850,43996,41850,42786,41850,43918,41850,43688,41850,42784,41850,43684,41850,43686,41850,42202,41850,43404,41850,43982,41850,42964,41850,44000,41850,43530,41850,42962,41850,43526,41850,43528,41850,42204,41850,43774,41850,43976,41850,42762,41850,43986,41850,43716,41850,42760,41850,43712,41850,43714,41850,42206,41850,43576,41850,44186,41850,42928,41850,44002,41850,43678,41850,42926,41850,43674,41850,43676,41850,42208,41850,43682,41850,44084,41850,42940,41850,43984,41850,43494,41850,42938,41850,43490,41850,43492,41850,42210,41850,43700,41850,43948,41850,42958,41850,43988,41850,43706,41850,42956,41850,43702,41850,43704,41850,42212,41850,43442,41850,44168,41850,42708,41850,44036,41850,43438,41850,42706,41850,43434,41850,43436,41850,42214,41850,43662,41850,44130,41850,42780,41850,44194,41850,43628,41850,42778,41850,43624,41850,43626,41850,42216,41850,43422,41850,44204,41850,42810,41850,43958,41850,43464,41850,42808,41850,43460,41850,43462,41850,42218,41850,43524,41850,44162,41850,42804,41850,44220,41850,43474,41850,42802,41850,43470,41850,43472,41850,42220,41850,43754,41850,44172,41850,42816,41850,44006,41850,43506,41850,42814,41850,43502,41850,43504,41850,42222,41850,43672,41850,44078,41850,42720,41850,43990,41850,43744,41850,42718,41850,43740,41850,43742,41850,42224,41850,43666,41850,44034,41850,42750,41850,44214,41850,43694,41850,42748,41850,43690,41850,43692,41850,42226,41850,43622,41850,44212,41850,42970,41850,44192,41850,43634,41850,42968,41850,43630,41850,43632,41850,42228,41850,43548,41850,44230,41850,42798,41850,44008,41850,43766,41850,42796,41850,43762,41850,43764,41850,42230,41850,43394,41850,44030,41850,42756,41850,43920,41850,43568,41850,42754,41850,43564,41850,43566,41850,42232,41850,43606,41850,44134,41850,42714,41850,44010,41850,43760,41850,42712,41850,43756,41850,43758,41850,42234,41850,43390,41850,44110,41850,42946,41850,44136,41850,43722,41850,42944,41850,43718,41850,43720,41850,42236,41850,43518,41850,43932,41850,42726,41850,43940,41850,43602,41850,42724,41850,43598,41850,43600,41850,42238,41850,43448,41850,44144,41850,42922,41850,44208,41850,43456,41850,42920,41850,43452,41850,43454,41850,42240,41850,43586,41850,43968,41850,42916,41850,44062,41850,43432,41850,42914,41850,43428,41850,43430,41850,42242,41850,43730,41850,44020,41850,42744,41850,44174,41850,43750,41850,42742,41850,43746,41850,43748,41850,42244,41850,43426,41850,43944,41850,42732,41850,44112,41850,43658,41850,42730,41850,43654,41850,43656,41850,42246,41850,43572,41850,44152,41850,42934,41850,44146,41850,43650,41850,42932,41850,43646,41850,43648,41850,42248,41850,43386,41850,44068,41850,42738,41850,44080,41850,43418,41850,42736,41850,43414,41850,43416,41850,42250,41850,43710,41850,44180,41850,42774,41850,44148,41850,43540,41850,42772,41850,43536,41850,43538,41850,42838,41850,42836,41850,42840,41850,42842,41850,42844,41850,42846,41850,42848,41850,42850,41850,42852,41850,42854,41850,42856,41850,42858,41850,42860,41850,42862,41850,42864,41850,42866,41850,42868,41850,42870,41850,42872,41850,42874,41850,42876,41850,42878,41850,42880,41850,42882,41850,42884,41850,42886,41850,42888,41850,42890,41850,42892,41850,42894,41850,42896,41850,42898,41850,42900,41850,42902,41850,41710,41858,42274,41858,42974,41858,41862,41858,43778,41858,42980,41858,41860,41858,42976,41858,42978,41858,41712,41866,41868,41866,41870,41866,42990,41866,42986,41866,41876,41874,42294,41874,42296,41874,42298,41874,41714,41874,41878,41874,43002,41874,43000,41874,41716,41882,41884,41882,43012,41882,41718,41888,41892,41888,42318,41888,42320,41888,41890,41888,43016,41888,43020,41888,41720,41896,41898,41896,41900,41896,43026,41896,43030,41896,41722,41904,41906,41904,41908,41904,43034,41904,43038,41904,41724,41912,41916,41912,43050,41912,43048,41912,42338,41912,42340,41912,42342,41912,41914,41912,43042,41912,43052,41912,41726,41920,41924,41920,43060,41920,42354,41920,43058,41920,42348,41920,42350,41920,42352,41920,41922,41920,43062,41920,43064,41920,44396,28260,44406,28260,44408,44414,44416,44414,44418,44414,44436,44414,44440,44414]]}],"project-settings":[{"id":-1,"assetBundleId":-2,"data":[[["UnityEngine.EventSystems.EventSystem",-1000],["UnityEngine.UI.ToggleGroup",10],["UnityEngine.Rendering.Universal.CinemachineUniversalPixelPerfect",-1]],[[-611672961,"Background",-1],[0,"Default",0],[1456684971,"Foreground",1],[-1111072475,"Scenery",2],[617671275,"Level",3],[-1592510795,"Player",4],[-1685016129,"UI",5]],[[0,"Default"],[1,"TransparentFX"],[2,"Ignore Raycast"],[4,"Water"],[5,"UI"]],[0.0199999995529652,0.333333343267441,1,0.0299999993294477],[0,-9.8100004196167,0,6,2,0,1,[[0,0,0],[0,0,1],[0,0,2],[0,0,4],[0,0,5],[0,1,0],[0,1,1],[0,1,2],[0,1,4],[0,1,5],[0,2,0],[0,2,1],[0,2,2],[0,2,4],[0,2,5],[0,4,0],[0,4,1],[0,4,2],[0,4,4],[0,4,5],[0,5,0],[0,5,1],[0,5,2],[0,5,4],[0,5,5]]],[null,null,0,-9.8100004196167,3,8,1,0.200000002980232,8,100,360,0.200000002980232,0.75,0.5,0.00999999977648258,2,0.00999999977648258,1,1,1,1,0,0,[[0,0,0],[0,0,1],[0,0,2],[0,0,4],[0,0,5],[0,1,0],[0,1,1],[0,1,2],[0,1,4],[0,1,5],[0,2,0],[0,2,1],[0,2,2],[0,2,4],[0,2,5],[0,4,0],[0,4,1],[0,4,2],[0,4,4],[0,4,5],[0,5,0],[0,5,1],[0,5,2],[0,5,4],[0,5,5]]],[[[[],["Performant","Balanced","High Fidelity"],0,0,0,0.400000005960464,1,20,0,1,0,0,0,0,0,0,2,4,0,0,0.333333343267441,0.0666666701436043,0.200000002980232,0.466666668653488,0,0,16,2,0,3,512,0,1,2,512,1,1024,0],[[],["Performant","Balanced","High Fidelity"],1,1,0,1,1,20,0,1,0,0,0,0,0,0,2,64,1,0,0.333333343267441,0.0666666701436043,0.200000002980232,0.466666668653488,0,1,16,2,0,3,512,0,1,2,512,1,1024,1],[[],["Performant","Balanced","High Fidelity"],2,2,4,2,2,40,1,1,1,0,1,0,0,0,2,2048,2,1,0.333333343267441,0.0666666701436043,0.200000002980232,0.466666668653488,0,1,16,2,1,3,512,0,1,2,512,1,1024,2]],["Performant","Balanced","High Fidelity"],2,2,4,2,2,40,1,1,1,0,1,0,0,0,2,2048,2,1,0.333333343267441,0.0666666701436043,0.200000002980232,0.466666668653488,0,1,16,2,1,3,512,0,1,2,512,1,1024,2],0,0,0,2,0,["Untagged","Respawn","Finish","EditorOnly","MainCamera","Player","GameController"]]}]}